neighbourhood,number_of_reviews
Barking and Dagenham,4093
Barnet,20062
Bexley,3351
Brent,35201
Bromley,7803
Camden,113956
City of London,13051
Croydon,15836
Ealing,29906
Enfield,8962
Greenwich,25341
Hackney,80167
Hammersmith and Fulham,59196
Haringey,32303
Harrow,6511
Havering,3196
Hillingdon,15660
Hounslow,18943
Islington,80043
Kensington and Chelsea,86824
Kingston upon Thames,9288
Lambeth,81625
Lewisham,28090
Merton,14626
Newham,27918
Redbridge,8519
Richmond upon Thames,24544
Southwark,84236
Sutton,4806
Tower Hamlets,98584
Waltham Forest,18006
Wandsworth,59230
Westminster,166295
